Date,Open,High,Low,Close,Volume,Openint
2022-10-24,1.47028,1.47028,1.3938,1.41,199122.37573210063
2022-10-25,1.45155,1.47028,1.40473,1.43907,189390.24334976237
2022-10-26,1.45155,1.46404,1.42189,1.45155,342305.8128004803
2022-10-27,1.46872,1.50462,1.46404,1.47653,48509.45827492253
2022-10-28,1.48121,1.55925,1.47653,1.51555,141877.70396798197
2022-10-31,1.57251,1.57251,1.50306,1.5452,89502.30186192226
2022-11-02,1.55925,1.55925,1.50617,1.51868,30322.73610211536
2022-11-03,1.51399,1.54832,1.46872,1.49213,53027.62796288966
2022-11-04,1.50774,1.63885,1.50774,1.63885,186088.1096895552
2022-11-07,1.63885,1.68568,1.61154,1.65055,116886.81814143516
2022-11-08,1.62714,1.65446,1.60763,1.65446,16417.127068132955
2022-11-09,1.67787,1.67787,1.59983,1.59983,103029.90180402983
2022-11-10,1.59983,1.62324,1.58031,1.59593,116742.02143844501
2022-11-14,1.59983,1.59983,1.5452,1.55768,136484.34712832133
2022-11-15,1.55768,1.59202,1.53116,1.56081,113229.74035088606
2022-11-16,1.56081,1.67396,1.56081,1.63885,263512.0600260178
2022-11-17,1.65446,1.70908,1.62324,1.68568,153479.379621663
2022-11-18,1.70129,1.71689,1.69347,1.69347,62914.80814223053
2022-11-21,1.70129,1.70129,1.65446,1.68568,23961.932264602485
2022-11-22,1.68568,1.68568,1.61544,1.61544,34625.632815726625
2022-11-23,1.70129,1.70129,1.61154,1.61154,55071.439832517906
2022-11-24,1.63105,1.65055,1.61544,1.65055,16072.434031813224
2022-11-25,1.65055,1.67007,1.61934,1.65055,40203.50934769492
2022-11-28,1.65055,1.65055,1.62324,1.63105,114557.25702608535
2022-11-29,1.65055,1.67007,1.63105,1.67007,1805069.015520244
2022-11-30,1.70129,1.71689,1.68178,1.69738,59128.31028972294
2022-12-01,1.71689,1.76762,1.68957,1.76762,74000.08493480142
2022-12-02,1.77152,1.79884,1.75201,1.78323,65630.06666996832
2022-12-05,1.80273,1.80273,1.77932,1.77932,35443.157563578134
2022-12-06,1.77932,1.77932,1.70129,1.72079,83819.35161627915
2022-12-07,1.7325,1.7325,1.68568,1.71299,46536.12267666108
2022-12-08,1.7247,1.78712,1.71299,1.77932,76958.80694544177
2022-12-09,1.74811,1.81835,1.74811,1.81835,160268.1666343818
2022-12-12,1.82615,1.88858,1.82615,1.85736,82944.16446458346
2022-12-13,1.83395,1.9276,1.83395,1.912,447566.6089399464
2022-12-14,1.87297,1.9276,1.87297,1.9276,690350.9568637015
2022-12-15,1.92369,1.92369,1.88858,1.912,34585.90982641021
2022-12-16,1.90418,1.912,1.83005,1.87297,164572.34473473948
2022-12-19,1.90029,1.99393,1.90029,1.99003,125159.45101310227
2022-12-20,1.98224,1.98224,1.93931,1.95882,140574.53364108148
2022-12-21,1.97442,1.99003,1.96272,1.99003,164085.41776893652
2022-12-22,1.99003,1.99003,1.9354,1.94711,41883.4073797206
2022-12-23,1.96662,1.96662,1.9159,1.94321,40004.89440111716
2022-12-27,1.951,1.96662,1.92369,1.94711,38958.00142463644
2022-12-28,1.96662,1.96662,1.88467,1.90808,34101.5456341098
2022-12-29,1.90808,1.91979,1.88858,1.9159,32621.543935413716
2022-12-30,1.9159,1.9159,1.88858,1.9159,56206.748494894266
2023-01-02,1.94321,2.00564,1.9159,1.97442,47565.07623861188
2023-01-03,1.99003,2.05247,1.99003,2.02906,56606.54116155452
2023-01-04,2.05247,2.1344,2.04076,2.04076,118287.37386148763
2023-01-05,2.09929,2.09929,2.01734,2.01734,79116.66223600763
2023-01-09,2.05247,2.10709,2.02124,2.09148,132501.79710273424
2023-01-10,2.09148,2.16172,2.02124,2.02124,138514.0637436805
2023-01-11,2.02906,2.06807,1.99784,2.01345,52905.89622143784
2023-01-12,2.01345,2.01345,1.95882,1.97832,76687.15295399248
2023-01-13,2.03685,2.03685,1.9276,1.98613,77398.32260141845
2023-01-16,1.96662,2.02124,1.94321,1.96662,54014.29576202039
2023-01-17,1.94711,1.951,1.9354,1.93931,19987.070559532855
2023-01-18,1.94321,1.98224,1.87297,1.87297,117641.55493842762
2023-01-19,1.88077,1.89639,1.79493,1.79493,193248.49886037994
2023-01-20,1.81835,1.90418,1.77932,1.82224,123690.9817951694
2023-01-23,1.83395,1.90418,1.83395,1.89639,1003547.5068163302
2023-01-24,1.89639,1.94711,1.89639,1.9315,81576.92480007315
2023-01-25,1.94711,1.94711,1.91979,1.91979,74634.37137709928
2023-01-26,1.99784,2.06807,1.99784,2.02906,139832.6107116073
2023-01-27,2.03295,2.06027,2.02906,2.05637,59469.15916578611
2023-01-30,2.06807,2.07588,2.02906,2.05247,97220.09426992758
2023-01-31,2.05247,2.06807,2.02906,2.04076,56615.51086881948
2023-02-01,2.04076,2.07197,2.02906,2.06807,123933.1638913331
2023-02-02,2.08368,2.1383,2.06807,2.1383,101575.5278403757
2023-02-03,2.1383,2.16953,2.08758,2.15392,275491.74477155856
2023-02-06,2.18513,2.18513,2.14612,2.14612,80316.04023599056
2023-02-07,2.17733,2.17733,2.111,2.1383,164363.4786941471
2023-02-08,2.12661,2.16562,2.12661,2.15392,15869.974924978898
2023-02-09,2.15392,2.16172,2.1383,2.15782,199578.54941585107
2023-02-10,2.16562,2.24367,2.14221,2.24367,151972.46880116448
2023-02-13,2.24367,2.32561,2.22415,2.27098,58810.52637519702
2023-02-14,2.24367,2.25927,2.20464,2.22806,23764.59870477548
2023-02-15,2.19294,2.25537,2.19294,2.20074,29494.96026024705
2023-02-16,2.20074,2.23195,2.19294,2.21245,1062466.9510654553
2023-02-17,2.19685,2.22415,2.19685,2.19685,35994.15386698877
2023-02-20,2.24367,2.31,2.20854,2.26317,35391.90209349311
2023-02-21,2.3217,2.35683,2.21635,2.3178,391842.943250604
2023-02-22,2.34122,2.34122,2.26708,2.27878,85702.99014189314
2023-02-23,2.33341,2.33341,2.29829,2.29829,17205.179920685925
2023-02-24,2.30219,2.30219,2.26708,2.26708,44347.51410404485
2023-02-27,2.24756,2.33731,2.22806,2.26708,320847.71024952387
2023-02-28,2.23195,2.33731,2.23195,2.25146,51829.53134965964
2023-03-01,2.22806,2.29439,2.21635,2.29439,133702.45648947763
2023-03-02,2.29439,2.29829,2.24756,2.24756,915826.3325398572
2023-03-03,2.23977,2.32561,2.22415,2.30219,297211.2502199615
2023-03-06,2.3295,2.44267,2.3217,2.43486,677635.7561224403
2023-03-07,2.43486,2.47389,2.34901,2.40365,240297.17623789678
2023-03-08,2.35683,2.45047,2.3295,2.38804,195756.1727342804
2023-03-09,2.40755,2.44656,2.35683,2.38414,223339.30396037217
2023-03-10,2.39584,2.39584,2.32561,2.36462,45299.584460867554
2023-03-13,2.34511,2.37633,2.27098,2.34122,87521.27794314874
2023-03-14,2.41145,2.48949,2.34122,2.41145,405129.6424833234
2023-03-15,2.46998,2.46998,2.34901,2.38414,87441.831964517
2023-03-16,2.45438,2.45438,2.34901,2.40755,33367.31102514661
2023-03-17,2.36853,2.44267,2.36853,2.38804,535769.5846352279
2023-03-20,2.39584,2.41925,2.37243,2.41925,65608.28309518182
2023-03-21,2.43876,2.45047,2.36073,2.36073,39639.69917676277
2023-03-22,2.36462,2.46607,2.29049,2.43486,207271.9954755576
2023-03-23,2.44267,2.46607,2.39584,2.43876,51519.43575564685
2023-03-24,2.43096,2.43486,2.38023,2.41925,86365.46709273772
2023-03-27,2.37243,2.43486,2.37243,2.41925,59393.557347410926
2023-03-28,2.41145,2.41145,2.35291,2.37633,62616.245028986355
2023-03-29,2.37633,2.45828,2.37633,2.43096,96940.75195796516
2023-03-30,2.45828,2.45828,2.40365,2.40755,251645.13731464444
2023-03-31,2.52071,2.62996,2.40365,2.43486,1274472.3892033144
2023-04-03,2.48559,2.48559,2.37243,2.40365,254462.90678255662
2023-04-04,2.40755,2.46607,2.40755,2.44267,112389.15064150054
2023-04-05,2.46607,2.46607,2.43096,2.45828,130267.0586070392
2023-04-06,2.42707,2.47778,2.42707,2.44656,282234.40186119854
2023-04-11,2.45438,2.54802,2.45047,2.54802,1294041.7276817206
2023-04-12,2.54412,2.63777,2.53631,2.62216,237830.50674006995
2023-04-13,2.61436,2.64557,2.60265,2.64557,139202.16842956276
2023-04-14,2.64557,2.7041,2.62216,2.7002,448291.8738416565
2023-04-17,2.7041,2.7041,2.65728,2.7002,347474.9269585331
2023-04-18,2.7002,2.77044,2.6885,2.73142,252526.7314001036
2023-04-19,2.6963,2.77044,2.6963,2.75484,97475.09023359876
2023-04-20,2.71581,2.77044,2.69239,2.77044,91484.60716744869
2023-04-21,2.77044,2.80556,2.71191,2.71191,111118.01498340115
2023-04-24,2.71191,2.77044,2.63777,2.68068,83715.55928935832
2023-04-25,2.66508,2.73142,2.65337,2.67289,51651.41859111547
2023-04-26,2.66508,2.77044,2.58314,2.77044,265696.82443836663
2023-04-27,2.77044,2.78994,2.76263,2.78605,522951.87295379885
2023-04-28,2.79384,2.87189,2.78605,2.81726,186626.29212544212
2023-05-02,2.82116,2.83677,2.75092,2.82116,33979.81389265906
2023-05-04,2.82507,2.83287,2.71971,2.71971,79330.65382361166
2023-05-05,2.73532,2.80556,2.54022,2.61826,398026.9157163256
2023-05-08,2.61826,2.77044,2.61826,2.65728,49339.7968902945
2023-05-09,2.69239,2.72751,2.63777,2.72751,25330.453315863546
2023-05-10,2.75092,2.75092,2.7002,2.73142,47105.05839460055
2023-05-11,2.76263,2.79384,2.73922,2.78605,50004.8366146449
2023-05-12,2.78605,2.82507,2.78605,2.82507,66671.83409943957
2023-05-15,2.82897,2.86798,2.81336,2.86798,63877.12959307111
2023-05-16,2.83287,2.8836,2.81336,2.85238,18164.938598020686
2023-05-17,2.83677,2.87189,2.78214,2.83287,57880.23959315973
2023-05-18,2.91481,2.94993,2.87189,2.8875,168070.53056803154
2023-05-19,2.8875,2.96163,2.85238,2.96163,67087.00340712609
2023-05-22,2.94213,2.96945,2.8875,2.96554,114577.75921411677
2023-05-23,2.96554,3.07479,2.96554,3.07479,140878.22230133944
2023-05-24,3.04358,3.04358,2.98895,2.99675,66388.64762722167
2023-05-25,3.0943,3.09821,3.00455,3.04358,130299.09327584032
2023-05-26,3.01237,3.05138,3.01237,3.03578,93557.8909323744
2023-05-29,3.03187,3.04358,2.99285,3.01237,103919.18420999995
2023-05-30,3.00845,3.05528,2.98895,3.02406,71793.53694765418
2023-05-31,3.02016,3.02406,2.91481,3.01237,98997.37769511492
2023-06-01,3.01237,3.01237,2.85628,2.907,150505.280969991
2023-06-02,3.00455,3.0826,3.00455,3.07479,313865.433837239
2023-06-05,3.0904,3.24649,3.0904,3.19185,154800.48936308696
2023-06-06,3.25429,3.25819,3.13722,3.17234,71803.78804167097
2023-06-07,3.19967,3.19967,3.07869,3.16064,60258.49340508983
2023-06-09,3.18795,3.19967,3.12552,3.19185,34230.96569607477
2023-06-12,3.18406,3.18406,3.15674,3.18015,30953.178384156654
2023-06-13,3.17625,3.18406,3.09821,3.09821,133606.35248306347
2023-06-14,3.1021,3.19575,3.09821,3.19575,3031577.817205065
2023-06-15,3.19967,3.19967,3.09821,3.19185,106915.0664364509
2023-06-16,3.19967,3.21527,3.14503,3.18406,204884.7719563701
2023-06-19,3.17625,3.23088,3.17625,3.20746,30548.260170488003
2023-06-20,3.18015,3.20746,3.16454,3.19185,33824.766095653205
2023-06-21,3.19185,3.19185,3.16454,3.17625,18646.740016818512
2023-06-22,3.19185,3.23867,3.17234,3.19185,139458.44577998255
2023-06-23,3.19185,3.23867,3.16454,3.16454,77199.7076548396
2023-06-26,3.16454,3.22698,3.07479,3.07479,124158.68795970033
2023-06-27,3.10601,3.19967,3.05919,3.18406,119489.31463497962
2023-06-28,3.2777,3.32452,3.26599,3.2816,341586.95483254554
2023-06-29,3.2855,3.31282,3.25429,3.30111,148952.24022642444
2023-06-30,3.30111,3.34014,3.21527,3.32452,209047.99751400502
2023-07-03,3.35574,3.50792,3.35574,3.50792,159708.20062369326
2023-07-04,3.51182,3.76936,3.50792,3.70692,1198004.353383945
2023-07-05,3.73033,3.84739,3.59767,3.65229,645458.8533900105
2023-07-06,3.65229,3.69912,3.55084,3.67571,182674.4953819076
2023-07-07,3.67571,3.74594,3.60547,3.74205,278508.129186042
2023-07-10,3.74594,3.82008,3.72253,3.78497,239816.65620584757
2023-07-11,3.80057,3.83569,3.74594,3.83569,281814.1070065058
2023-07-12,3.82398,3.83569,3.77326,3.78497,137099.4127693396
2023-07-13,3.88278,3.88278,3.73393,3.77646,218616.53512750854
2023-07-14,3.77646,4.0784,3.76795,3.98059,261478.05011638443
2023-07-17,3.97208,4.25277,3.97208,4.10392,380224.29254225193
2023-07-18,4.10818,4.16771,4.10818,4.14645,54074.21710785029
2023-07-19,4.12518,4.14645,4.04012,4.0699,207099.32531757082
2023-07-20,4.07415,4.07415,3.92105,3.9976,168094.1239440941
2023-07-21,3.9976,4.09541,3.9338,4.09116,132765.35326434835
2023-07-24,4.16771,4.21024,3.79346,3.88278,451660.15085706307
2023-07-25,3.92956,3.92956,3.8445,3.90404,150148.15716796793
2023-07-26,3.94657,3.94657,3.79346,3.79346,104106.3591517393
2023-07-27,3.79346,3.9976,3.79346,3.9891,331501.88628116646
2023-07-28,4.01461,4.01461,3.92956,3.99335,44481.63698950741
2023-07-31,3.99335,4.16771,3.9891,4.16346,256675.2936776835
2023-08-01,4.16771,4.20173,4.10818,4.16771,132109.30966757797
2023-08-02,4.1422,4.1422,4.0061,4.0061,98210.19671841529
2023-08-03,3.9976,4.03162,3.94231,3.94231,53268.858929021386
2023-08-04,3.94231,3.9976,3.93806,3.98059,41103.83545990866
2023-08-07,3.95507,3.95507,3.87001,3.92105,63610.36336840705
2023-08-08,3.87001,3.94231,3.87001,3.89978,89892.08122175181
2023-08-09,3.88703,3.98484,3.87852,3.9168,120463.94797224259
2023-08-10,3.94231,3.97208,3.88703,3.96358,69972.10512847033
2023-08-11,3.96358,4.1422,3.90404,4.1422,191448.33542476478
2023-08-14,4.08691,4.12518,3.97633,3.97633,67026.9631752347
2023-08-16,3.98484,4.07415,3.92105,3.94657,97416.59559329193
2023-08-17,3.92105,3.9976,3.92105,3.93806,96952.19197192343
2023-08-18,3.95507,4.07415,3.92531,4.02737,62230.08526337788
2023-08-21,3.9976,4.08265,3.95507,4.04012,43479.936013796774
2023-08-22,4.04012,4.04012,3.93806,3.98059,53973.10644598358
2023-08-23,3.98059,3.9976,3.88703,3.9168,161644.2042812426
2023-08-24,3.91254,3.9891,3.91254,3.95507,32043.849874425923
2023-08-25,3.96358,3.9891,3.92105,3.97208,40731.136857442885
2023-08-28,3.94657,3.97208,3.94657,3.97208,15541.649293341785
2023-08-29,3.96784,4.02312,3.9338,3.97208,40063.33620696913
2023-08-30,3.95507,3.9976,3.95507,3.97208,55171.150218577015
2023-08-31,3.98059,4.02312,3.95082,4.02312,52090.80214772778
2023-09-01,4.0784,4.1422,4.04012,4.04012,125483.03419913267
2023-09-04,4.09116,4.12518,4.06565,4.11667,227122.7634834519
2023-09-05,4.12518,4.12518,4.06139,4.06139,114051.65088124489
2023-09-06,4.08265,4.20173,4.08265,4.1507,293374.9368194977
2023-09-07,4.21875,4.25277,4.1592,4.1592,227071.03244714887
2023-09-08,4.20173,4.40586,4.19748,4.38035,731126.4931429215
2023-09-11,4.50793,4.67805,4.37184,4.44839,378376.08369974844
2023-09-12,4.46541,4.49943,4.33782,4.38035,91870.79336039339
2023-09-13,4.44839,4.44839,4.31231,4.33782,96226.78175829278
2023-09-14,4.49092,4.49092,4.31231,4.38035,94625.47104359897
2023-09-15,4.42288,4.42288,4.26978,4.37184,77580.09458131994
2023-09-18,4.3038,4.33782,4.21875,4.25277,161414.94173398043
2023-09-19,4.28679,4.29529,4.17197,4.24001,112268.10583411751
2023-09-20,4.24426,4.26978,4.02312,4.02312,289590.34123168845
2023-09-21,4.0061,4.08265,3.98059,4.03162,105684.15575902206
2023-09-22,4.06565,4.0699,3.99335,4.02737,54752.59910665988
2023-09-25,3.9976,4.06565,3.87852,3.91254,109033.74035973097
2023-09-26,3.92956,3.92956,3.75519,3.76795,158719.04931930898
2023-09-27,3.76795,3.87001,3.62761,3.75944,413128.75874792534
2023-09-28,3.75944,3.81899,3.67439,3.70841,77807.00571783625
2023-09-29,3.70841,3.82749,3.70841,3.74669,160305.07586417955
2023-10-02,3.82749,4.21024,3.82324,4.12518,926158.3785371317
2023-10-03,4.04012,4.12093,3.96358,3.9976,507875.3274446941
2023-10-04,3.9976,4.24001,3.9976,4.14645,197757.17044314562
2023-10-05,4.15495,4.21875,4.07415,4.08265,139603.2556994781
2023-10-06,4.08265,4.1592,3.94231,3.99335,131429.7519633922
2023-10-09,3.9891,4.02312,3.95507,4.02312,105095.1273683747
2023-10-10,4.04012,4.13369,4.01036,4.12093,153831.64209391264
2023-10-11,4.1507,4.23575,4.1422,4.18472,204451.6368230847
2023-10-12,4.24426,4.39736,4.24426,4.33782,406567.1470748669
2023-10-13,4.36333,4.38035,4.23575,4.25277,242609.15462438267
2023-10-16,4.3038,4.38886,4.25277,4.37184,265540.112171652
2023-10-17,4.38035,4.42288,4.36333,4.41437,340177.416210479
2023-10-18,4.41437,4.42288,4.34633,4.40586,153908.06294299645
2023-10-19,4.39736,4.39736,4.20599,4.25277,627627.9736677564
2023-10-20,4.25277,4.25277,4.0784,4.16771,103208.12024863691
2023-10-23,4.1592,4.1592,3.95082,3.9976,269208.31292777136
2023-10-24,3.9976,4.16771,3.98484,4.01886,100385.25165393861
2023-10-25,4.05288,4.16771,4.02312,4.09967,200188.5291494534
2023-10-26,4.05714,4.17197,4.05714,4.09116,118937.88240126506
2023-10-27,4.11667,4.24001,4.09116,4.18047,93695.48809549122
2023-10-30,4.1592,4.28679,4.1592,4.25277,167393.40354324534
2023-10-31,4.26978,4.26978,4.16771,4.20599,95099.28030793254
2023-11-02,4.20599,4.2315,4.12518,4.18047,245760.04501746077
2023-11-03,4.18047,4.38886,4.18047,4.33782,185095.99930766012
2023-11-06,4.37184,4.56747,4.36333,4.42288,388223.7918834964
2023-11-07,4.41437,4.4569,4.32931,4.40586,166131.87168064222
2023-11-08,4.42288,4.46541,4.2315,4.24426,221117.26045067553
2023-11-09,4.24852,4.24852,4.18897,4.21449,140798.9480613289
2023-11-10,4.23575,4.23575,4.17197,4.22725,69051.52782332765
2023-11-13,4.23575,4.23575,4.08691,4.1422,171651.80839539354
2023-11-14,4.12518,4.21875,4.11667,4.21024,902416.1842841721
2023-11-15,4.23575,4.25277,4.11242,4.1422,419424.6610072439
2023-11-16,4.1592,4.1592,4.09967,4.11242,219140.8997227744
2023-11-17,4.1507,4.21024,4.11242,4.12518,269339.9919292759
2023-11-20,4.12518,4.16771,4.07415,4.09541,318185.8472542759
2023-11-21,4.10818,4.14645,4.06139,4.13794,457638.612666328
2023-11-22,4.13794,4.19323,4.0699,4.17622,219592.37058506333
2023-11-23,4.17622,4.24852,4.1507,4.24001,437093.16131591174
2023-11-24,4.24001,4.25277,4.20173,4.23575,142377.92037398566
2023-11-27,4.23575,4.23575,4.07415,4.13794,151998.71742122376
2023-11-28,4.09116,4.21024,4.09116,4.21024,102382.77507850926
2023-11-29,4.21024,4.21024,4.12518,4.18472,250248.88812223656
2023-11-30,4.16771,4.20173,4.11667,4.20173,108003.82245512081
2023-12-01,4.21875,4.23575,4.16771,4.21024,203250.06593437467
2023-12-04,4.21024,4.2315,4.11242,4.15495,203767.37629741587
2023-12-05,4.12944,4.1592,4.02312,4.1507,518265.03580427484
2023-12-06,4.16771,4.26127,4.09967,4.11667,296392.9725057059
2023-12-07,4.09967,4.12518,4.04438,4.0699,131589.6478937952
2023-12-08,4.0699,4.13369,4.05288,4.13369,116662.89250924256
2023-12-11,4.09967,4.20173,4.08691,4.19323,252915.38790265497
2023-12-12,4.19323,4.19323,4.09116,4.09967,131466.19882988062
2023-12-13,4.09116,4.12518,4.02312,4.09541,232622.71320690558
2023-12-14,4.09967,4.21875,4.09967,4.14645,1529505.6848921918
2023-12-15,4.14645,4.21024,4.0061,4.0061,610869.4693158909
2023-12-18,4.03162,4.11667,4.02737,4.03588,124016.92960205895
2023-12-19,4.03588,4.08691,3.94657,3.9891,267576.4338734462
2023-12-20,4.07415,4.07415,3.91254,3.92956,216181.64930509386
2023-12-21,3.92105,4.04438,3.91254,4.04012,477108.29360269016
2023-12-22,4.04863,4.0699,3.94231,3.97208,475034.3493290314
2023-12-27,3.96358,3.97208,3.83174,3.90404,421147.0693751021
2023-12-28,3.91254,3.95507,3.85726,3.87001,313832.21026712237
2023-12-29,3.89554,3.94657,3.83174,3.86151,561821.392667151
2024-01-02,3.82749,3.86151,3.75519,3.81048,254909.38421111222
2024-01-03,3.80623,3.89554,3.80623,3.82749,247307.27328511217
2024-01-04,3.87001,4.23575,3.87001,4.17197,876259.0912001062
2024-01-05,4.17197,4.20599,4.06139,4.12093,2492400.1534376694
2024-01-08,4.1507,4.19748,4.06565,4.09967,1362340.368190908
2024-01-09,4.13369,4.18472,4.08265,4.10818,2482661.7858533217
2024-01-10,4.11667,4.1422,4.08265,4.11242,153596.501019802
2024-01-11,4.13794,4.13794,4.01461,4.01461,139209.39440034062
2024-01-12,4.01461,4.09541,3.9976,4.04863,808730.1018316534
2024-01-15,4.02737,4.04012,3.96358,4.01886,113288.61809576151
2024-01-16,3.9976,4.1507,3.9976,4.12518,153438.95650015134
2024-01-17,4.1422,4.21024,4.12093,4.21024,618282.2916772242
2024-01-18,4.21024,4.21024,4.12518,4.1592,169513.20032634787
2024-01-19,4.16346,4.20173,4.09967,4.15495,123688.90780367376
2024-01-22,4.19323,4.20599,4.12944,4.19323,64307.556653145715
2024-01-23,4.21024,4.21024,4.10818,4.13369,73492.16700790622
2024-01-24,4.18472,4.21449,4.12093,4.15495,187280.4598861496
2024-01-25,4.15495,4.19323,4.09967,4.09967,104285.06636806382
2024-01-26,4.09967,4.1507,4.05714,4.08265,76778.26351860227
2024-01-29,4.08265,4.16771,4.04438,4.10392,93843.62697218113
2024-01-30,4.10392,4.21024,4.08265,4.1507,192227.82808543893
2024-01-31,4.18472,4.28679,4.15495,4.20173,939299.2374638047
2024-02-01,4.20173,4.26127,4.17197,4.18897,200785.78747769614
2024-02-02,4.21024,4.25277,4.18897,4.21024,280319.90438487474
2024-02-05,4.21024,4.33782,4.21024,4.3038,441879.45787943277
2024-02-06,4.29529,4.35483,4.24852,4.32931,235311.5513893632
2024-02-07,4.32931,4.35483,4.22299,4.26978,172997.99104467043
2024-02-08,4.24852,4.26127,4.21024,4.23575,238799.86922379263
2024-02-09,4.23575,4.23575,4.13369,4.17622,208593.646843543
2024-02-12,4.17622,4.25277,4.12518,4.21024,1153539.7972020882
2024-02-13,4.16771,4.16771,4.04012,4.07415,464201.4000447517
2024-02-14,4.07415,4.1592,4.04438,4.1592,97307.25499383091
2024-02-15,4.1592,4.18047,4.09967,4.1422,122342.72515438609
2024-02-16,4.12518,4.1507,4.09541,4.13369,90925.52624246887
2024-02-19,4.13369,4.13369,4.07415,4.09967,129501.5951556872
2024-02-20,4.09967,4.1507,4.07415,4.14645,89729.8338806159
2024-02-21,4.1422,4.14645,4.09967,4.10392,117925.60007722181
2024-02-22,4.13369,4.17622,4.09116,4.13369,268475.84848191723
2024-02-23,4.12944,4.15495,4.09541,4.11242,182817.48229953073
2024-02-26,4.11242,4.1507,4.06565,4.08265,102803.67760116686
2024-02-27,4.12518,4.16771,4.04012,4.08265,698366.6386978256
2024-02-28,4.08265,4.1422,4.08265,4.13369,84087.62380733158
2024-02-29,4.09967,4.13369,4.06565,4.06565,152188.0059858798
2024-03-01,4.08691,4.20599,4.08691,4.20173,332515.3443105858
2024-03-04,4.21024,4.38886,4.20173,4.37184,338064.6736595902
2024-03-05,4.37184,4.46541,4.31231,4.41437,398505.33534898795
2024-03-06,4.4569,4.47391,4.39736,4.47391,213377.59199632244
2024-03-07,4.48241,4.49943,4.43139,4.46541,134055.1020558391
2024-03-08,4.46541,4.49092,4.27828,4.3038,270614.4565509629
2024-03-11,4.3038,4.41437,4.3038,4.41437,159884.1733415198
2024-03-12,4.42288,4.49943,4.39736,4.49092,145751.01908210132
2024-03-13,4.50793,4.55046,4.49943,4.55046,221493.48616924605
2024-03-14,4.55896,4.55896,4.49092,4.49092,135159.08939879152
2024-03-15,4.49092,4.52494,4.3038,4.40586,256081.56246554767
2024-03-18,4.38035,4.53345,4.38035,4.49092,87625.32126732578
2024-03-19,4.49092,4.51644,4.40586,4.50793,89038.51912273109
2024-03-20,4.42288,4.50793,4.42288,4.49943,96974.5303739648
2024-03-21,4.50793,4.7546,4.47391,4.7546,613058.6327158635
2024-03-22,4.74609,4.87367,4.72907,4.86517,768207.0648247892
2024-03-25,4.83965,4.90769,4.7546,4.89068,476455.7771220267
2024-03-26,4.90769,4.90769,4.85666,4.88218,410133.06146375637
2024-03-27,4.90769,5.06079,4.86517,5.06079,271368.08369348006
2024-03-28,5.06079,5.09481,5.01826,5.0693,122320.38675234687
2024-04-02,5.14585,5.20539,5.06079,5.15435,368549.53821266355
2024-04-03,5.11183,5.21389,5.11183,5.21389,792397.2028239202
2024-04-04,5.21389,5.23941,5.18838,5.2309,790557.2239190066
2024-04-05,5.14585,5.20539,5.03528,5.03528,272755.41603073926
2024-04-08,5.03528,5.09481,4.95022,4.95022,219090.3443918367
2024-04-09,5.01826,5.06079,4.89919,4.89919,140359.23425274764
2024-04-10,4.89068,4.93321,4.79712,4.84815,211267.20085617524
2024-04-11,4.89068,4.89068,4.67805,4.69505,570439.3130333121
2024-04-12,4.72057,4.84815,4.72057,4.79712,241753.24111462475
2024-04-15,4.90769,5.01826,4.84815,4.84815,277739.2310965063
2024-04-16,4.83965,4.88218,4.72057,4.74609,254794.16508479847
2024-04-17,4.86517,5.07781,4.86517,5.0693,840290.7367987807
2024-04-18,5.0693,5.12883,5.02677,5.11183,167788.44054774818
2024-04-19,5.11183,5.32447,5.10332,5.17987,465173.7083861996
2024-04-22,5.17987,5.34147,5.17987,5.34147,295019.748632896
2024-04-23,5.35849,5.52009,5.30745,5.51159,394638.44038523565
2024-04-24,5.52009,5.63917,5.37549,5.44354,456627.50604765007
2024-04-25,5.35849,5.64768,5.35849,5.64768,468250.52934094623
2024-04-26,5.64768,5.64768,5.40952,5.55411,248586.4407282714
2024-04-29,5.61365,5.63917,5.33296,5.44354,243543.84039397674
2024-04-30,5.47756,5.65617,5.47756,5.64768,333317.17537329916
2024-05-02,5.69021,5.69021,5.57112,5.63066,110071.88820193113
2024-05-06,5.6987,5.80928,5.61365,5.80077,293285.58321133006
2024-05-07,5.74974,5.80928,5.66468,5.70721,533356.3899406919
2024-05-08,5.71572,5.87732,5.65617,5.78376,308998.88548878144
2024-05-09,5.80077,5.86882,5.73273,5.75825,93932.98058034338
2024-05-10,5.6987,5.80077,5.67319,5.6987,128632.74888684541
2024-05-13,5.6987,5.76675,5.62215,5.63917,303721.14408036537
2024-05-14,5.63066,5.63066,5.46055,5.57112,631438.4347737225
2024-05-15,5.57112,5.60515,5.51159,5.57112,128578.66643980083
2024-05-16,5.57112,5.61365,5.49457,5.59664,460173.4334452418
2024-05-17,5.6987,5.86031,5.6817,5.82629,371645.17045333167
2024-05-20,5.85181,5.90284,5.76675,5.80928,253203.43571843402
2024-05-21,5.81778,5.90284,5.78376,5.80928,69832.19618937472
2024-05-22,5.80928,5.85181,5.60515,5.65617,290442.72762533947
2024-05-23,5.63917,5.6987,5.59664,5.64768,98211.37242378606
2024-05-24,5.6987,5.82629,5.66468,5.69021,140750.74414114357
2024-05-27,5.69021,5.69021,5.50308,5.50308,193491.71135878356
2024-05-28,5.49457,5.49457,5.35849,5.35849,165375.89312737266
2024-05-29,5.31596,5.40102,5.15435,5.2309,403535.0029242095
2024-05-31,5.2309,5.32447,5.15435,5.20539,276616.43246763234
2024-06-03,5.2309,5.49457,5.2309,5.49457,137388.2267813594
2024-06-04,5.5286,5.5286,5.367,5.367,118339.44836765695
2024-06-05,5.367,5.46906,5.35849,5.37549,157153.0097657253
2024-06-06,5.367,5.37549,5.30745,5.32447,56346.855589130166
2024-06-07,5.35849,5.35849,5.27343,5.32447,86732.96089107616
2024-06-10,5.30745,5.34998,5.25642,5.25642,179340.92151880896
2024-06-11,5.25642,5.33296,5.05228,5.12883,285531.80629253853
2024-06-12,5.12883,5.19688,5.06079,5.11183,193474.07577822742
2024-06-13,5.12883,5.19688,5.0693,5.17136,342755.7380880951
2024-06-14,5.39379,5.39379,4.94894,4.95821,471240.00001332804
2024-06-17,4.95821,5.14356,4.85626,5.01381,444848.2724921456
2024-06-18,5.01381,5.1899,5.00455,5.03235,546085.0790345185
2024-06-19,5.06015,5.27331,5.06015,5.25477,823556.9918489057
2024-06-20,5.25477,5.28258,5.18063,5.23624,93308.17438956001
2024-06-21,5.23624,5.32891,5.06015,5.12503,351446.2234431824
2024-06-24,5.15283,5.26404,5.13429,5.26404,96613.2098119968
2024-06-25,5.28258,5.29184,5.1899,5.1899,85933.079021504
2024-06-26,5.22697,5.22697,5.09722,5.09722,76335.204361832
2024-06-27,5.10649,5.11576,5.06015,5.07869,71753.6893753264
2024-06-28,5.14356,5.22697,5.05088,5.19917,71048.010901192
2024-07-01,5.23624,5.40306,5.13429,5.37525,455180.95914093923
2024-07-02,5.39379,5.40306,5.27331,5.39379,183491.5095419744
2024-07-03,5.42159,5.49573,5.25477,5.43086,145808.92643464162
2024-07-04,5.43086,5.44939,5.24551,5.37525,216087.59673635682
2024-07-05,5.39379,5.51427,5.29184,5.31038,101834.5831091472
2024-07-08,5.44939,5.44939,5.26404,5.34745,262833.94006192964
2024-07-09,5.35672,5.43086,5.29184,5.42159,141655.7820203552
2024-07-10,5.32891,5.4772,5.32891,5.42159,89040.653953472
2024-07-11,5.43086,5.49573,5.38452,5.46793,51115.291554579206
2024-07-12,5.44939,5.69035,5.43086,5.65328,534387.4332576208
2024-07-15,5.64402,5.65328,5.56061,5.61621,132859.618532368
2024-07-16,5.60694,5.62548,5.46793,5.505,331195.1934698576
2024-07-17,5.505,5.505,5.2177,5.45866,269551.9128141632
2024-07-18,5.45866,5.58841,5.44013,5.44939,687896.239801472
2024-07-19,5.4772,5.4772,5.33818,5.37525,69362.5831082288
2024-07-22,5.28258,5.56061,5.1621,5.54207,115723.71662452641
2024-07-23,5.54207,5.54207,5.35672,5.37525,125451.0735730304
2024-07-24,5.34745,5.37525,5.28258,5.31038,59288.8610370992
2024-07-25,5.26404,5.31038,5.13429,5.31038,156495.531339576
2024-07-26,5.31038,5.32891,5.28258,5.28258,35816.9591290784
2024-07-29,5.30111,5.36598,5.23624,5.23624,45808.6757506144
2024-07-30,5.22697,5.36598,5.1899,5.1899,34103.4768402016
2024-07-31,5.1899,5.32891,5.1899,5.27331,153598.36512696
2024-08-01,5.14356,5.23624,5.05088,5.11576,237197.5258922672
2024-08-02,5.1899,5.1899,4.99528,5.01381,146646.2452357552
2024-08-05,4.92114,4.92114,4.41605,4.74505,445510.79020333604
2024-08-06,4.67091,4.8748,4.66164,4.82846,247372.6757563152
2024-08-07,4.81919,4.8748,4.71725,4.80992,132664.3160800464
2024-08-08,4.82846,4.83773,4.65237,4.75432,223891.06267663202
2024-08-09,4.76359,4.89333,4.73578,4.80066,101875.585833944
2024-08-12,4.77285,5.03235,4.77285,5.03235,139277.6239821408
2024-08-13,5.02308,5.08795,4.9304,5.05088,103125.08992117281
2024-08-14,5.06015,5.2177,5.00455,5.14356,140532.52316473762
2024-08-16,5.14356,5.27331,5.14356,5.27331,104513.787468896
2024-08-19,5.1899,5.25477,5.11576,5.23624,123325.4059980384
2024-08-20,5.23624,5.23624,5.00455,5.04162,174657.5803864112
2024-08-21,5.04162,5.18063,5.04162,5.18063,58638.212535718405
2024-08-22,5.1899,5.1899,5.00455,5.06942,40723.2588567376
2024-08-23,5.09722,5.09722,4.97674,5.01381,40676.8610365728
2024-08-26,4.99528,5.07869,4.94894,4.94894,46381.634878696
2024-08-27,5.06942,5.07869,4.95821,5.04162,64282.561309720004
2024-08-28,5.01381,5.1621,4.86553,5.11576,132889.8310664288
2024-08-29,5.11576,5.12503,5.00455,5.09722,64824.2288846672
2024-08-30,5.13429,5.13429,5.02308,5.06942,51290.0926445024
2024-09-02,5.00455,5.13429,4.94894,5.06015,138653.9509576
2024-09-03,5.06942,5.08795,4.86553,4.86553,64142.288830152
2024-09-04,4.81919,4.97674,4.80992,4.95821,78010.9209831328
2024-09-05,4.97674,4.97674,4.81919,4.81919,32278.855586744
2024-09-06,4.91187,4.91187,4.73578,4.74505,55451.869211377605
2024-09-09,4.8748,4.8748,4.70798,4.74505,91627.0626728912
2024-09-10,4.74505,4.81919,4.5597,4.63384,130518.147142656
2024-09-11,4.63384,4.68018,4.49946,4.54116,368717.002735224
2024-09-12,4.74505,5.17136,4.69871,5.1621,868745.2316322001
2024-09-13,5.03235,5.1621,5.03235,5.08795,150137.9509579248
2024-09-16,5.12503,5.14356,5.02308,5.08795,161648.9264350896
2024-09-17,5.08795,5.11576,4.96747,5.11576,96890.517713912
2024-09-18,5.14356,5.44013,5.05088,5.44013,332061.6457859584
2024-09-19,5.38452,5.56061,5.36598,5.44013,150033.2861077856
2024-09-20,5.51427,5.51427,5.35672,5.42159,184054.75749839362
2024-09-23,5.38452,5.54207,5.36598,5.51427,89969.6893758416
2024-09-24,5.51427,5.5328,5.41232,5.42159,127269.2207120464
2024-09-25,5.37525,5.49573,5.35672,5.44939,69155.4114460976
2024-09-26,5.49573,5.66255,5.43086,5.57914,157327.4550453216
2024-09-27,5.56987,5.57914,5.505,5.51427,159309.6130835248
2024-09-30,5.45866,5.56987,5.45866,5.55134,424546.5286223616
2024-10-01,5.56061,5.60694,5.46793,5.56987,331567.45505024964
2024-10-02,5.56987,5.65328,5.51427,5.63475,85963.2915555648
2024-10-03,5.63475,5.67182,5.4772,5.4772,105354.34332723041
2024-10-04,5.5328,5.54207,5.38452,5.46793,43087.3896469952
2024-10-07,5.51427,5.54207,5.34745,5.39379,87470.68120138401
2024-10-08,5.32891,5.51427,5.29184,5.42159,62955.367849192
2024-10-09,5.41232,5.51427,5.32891,5.4772,92239.945506696
2024-10-10,5.505,5.505,5.34745,5.35672,25039.7166219616
2024-10-11,5.35672,5.51427,5.32891,5.51427,76670.7792937216
2024-10-14,5.51427,5.51427,5.30111,5.35672,96166.49591552641
2024-10-15,5.34745,5.51427,5.32891,5.44013,201751.7493245072
2024-10-16,5.46793,5.51427,5.40306,5.40306,84796.8719370032
2024-10-17,5.41232,5.4772,5.31965,5.43086,156913.11172105922
2024-10-18,5.44013,5.59768,5.43086,5.59768,248285.5258925808
2024-10-21,5.59768,5.65328,5.45866,5.45866,177152.2724845744
2024-10-22,5.59768,5.59768,5.24551,5.24551,102856.41417184641
2024-10-23,5.1899,5.31965,5.1621,5.31965,76170.1144435712
2024-10-24,5.31965,5.41232,5.20843,5.30111,182212.87193975842
2024-10-25,5.31038,5.48646,5.31038,5.40306,85456.15259097281
2024-10-28,5.40306,5.46793,5.33818,5.36598,182814.9645828272
2024-10-29,5.37525,5.43086,5.29184,5.29184,297565.4060029664
2024-10-30,5.29184,5.42159,5.19917,5.19917,131720.1743906464
2024-10-31,5.1621,5.27331,5.1621,5.25477,51578.1907371536
2024-11-04,5.19917,5.34745,5.17136,5.32891,55265.1989116448
2024-11-05,5.33818,5.38452,5.28258,5.37525,53403.891009684805
2024-11-06,5.37525,5.49573,5.31965,5.39379,107255.5749349136
2024-11-07,5.41232,5.48646,5.37525,5.48646,44426.452317332805
2024-11-08,5.48646,5.505,5.38452,5.38452,40043.4768403696
2024-11-12,5.38452,5.46793,5.34745,5.39379,114222.80109314881
2024-11-13,5.39379,5.43086,5.23624,5.26404,76014.7356969728
2024-11-14,5.26404,5.44013,5.26404,5.38452,82688.4686671888
2024-11-15,5.38452,5.45866,5.27331,5.44013,280263.3351577904
2024-11-18,5.44013,5.46793,5.32891,5.46793,86963.542236792
2024-11-19,5.46793,5.52354,5.2177,5.37525,116910.63760548641
2024-11-20,5.38452,5.58841,5.32891,5.505,239328.5885626272
2024-11-21,5.46793,5.46793,5.30111,5.35672,116707.7820196496
2024-11-22,5.51427,5.63475,5.29184,5.56987,454576.7084597232
2024-11-25,5.56987,5.59768,5.44013,5.5328,217173.0899243984
2024-11-26,5.56061,5.58841,5.51427,5.57914,389908.937340728
2024-11-27,5.58841,5.58841,5.505,5.54207,100180.4468693184
2024-11-28,5.57914,5.57914,5.42159,5.4772,84023.215261232
2024-11-29,5.48646,5.55134,5.34745,5.48646,233851.4877450336
2024-12-02,5.48646,5.56061,5.35672,5.48646,279772.3814793024
2024-12-03,5.49573,5.55134,5.43086,5.49573,146774.6485055136
2024-12-04,5.52354,5.52354,5.39379,5.39379,147703.68392788322
2024-12-05,5.39379,5.4772,5.31965,5.41232,258557.7874732528
2024-12-06,5.41232,5.4772,5.40306,5.40306,57281.885560203205
2024-12-09,5.43086,5.51427,5.40306,5.44939,96215.05177383841
2024-12-10,5.44939,5.48646,5.34745,5.37525,127683.5640363088
2024-12-11,5.37525,5.42159,5.33818,5.37525,98789.59128344801
2024-12-12,5.38452,5.38452,5.29184,5.30111,48044.4032711136
2024-12-13,5.28258,5.37525,5.24551,5.36598,202162.8555915488
2024-12-16,5.36598,5.48646,5.36598,5.48646,196182.9318856576
2024-12-17,5.48646,5.505,5.28258,5.29184,170277.8419666688
2024-12-18,5.29184,5.34745,5.1621,5.2177,243192.5558651888
2024-12-19,5.17136,5.1899,4.93967,5.14356,163788.62125803842
2024-12-20,5.14356,5.26404,5.06942,5.26404,287157.18801902083
2024-12-23,5.28258,5.28258,5.1899,5.19917,59094.6376038512
2024-12-27,5.1899,5.23624,5.07869,5.10649,328986.4414261984
2024-12-30,5.10649,5.17136,5.09722,5.10649,320602.46322432644
2025-01-02,5.12503,5.35672,5.07869,5.35672,611954.8774015041
2025-01-03,5.37525,5.505,5.36598,5.43086,133944.032701336
2025-01-07,5.505,5.505,5.34745,5.42159,246798.63760916
2025-01-08,5.42159,5.44939,5.37525,5.37525,232608.45777224642
2025-01-09,5.37525,5.49573,5.37525,5.46793,84765.5803838688
2025-01-10,5.44939,5.48646,5.34745,5.44013,101645.75477126721
2025-01-13,5.44939,5.44939,5.35672,5.37525,301432.6103627488
2025-01-14,5.39379,5.42159,5.37525,5.39379,38458.3978212512
2025-01-15,5.37525,5.42159,5.35672,5.42159,73938.7029993664
2025-01-16,5.42159,5.43086,5.35672,5.37525,63299.5749336704
2025-01-17,5.38452,5.42159,5.28258,5.33818,79887.3351521232
2025-01-20,5.37525,5.42159,5.33818,5.36598,45565.8964590544
2025-01-21,5.40306,5.43086,5.32891,5.43086,27233.3623985904
2025-01-22,5.44013,5.44013,5.36598,5.43086,54461.3297018128
2025-01-23,5.41232,5.41232,5.32891,5.38452,29800.3487746848
2025-01-24,5.38452,5.44939,5.32891,5.35672,463872.45777878724
2025-01-27,5.35672,5.35672,5.25477,5.30111,55027.814715452805
2025-01-28,5.30111,5.33818,5.19917,5.23624,42041.8201646768
2025-01-29,5.1899,5.29184,5.1899,5.29184,54534.7029988176
2025-01-30,5.26404,5.35672,5.19917,5.30111,75232.44686861281
2025-01-31,5.23624,5.30111,5.1899,5.19917,101267.0190764336
2025-02-03,5.19917,5.26404,5.08795,5.1899,111116.3051802544
2025-02-04,5.11576,5.28258,5.11576,5.25477,114226.03815036961
2025-02-05,5.19917,5.31038,5.19917,5.26404,53317.569483796804
2025-02-06,5.26404,5.48646,5.19917,5.4772,293638.855594136
2025-02-07,5.46793,5.55134,5.38452,5.46793,97786.103545
2025-02-10,5.46793,5.49573,5.37525,5.49573,90692.63215515361
2025-02-11,5.43086,5.51427,5.39379,5.39379,126565.7002760592
2025-02-12,5.44939,5.4772,5.30111,5.38452,142567.55313754722
2025-02-13,5.39379,5.42159,5.29184,5.35672,159363.5640372048
2025-02-14,5.35672,5.4772,5.30111,5.41232,300543.49864610244
2025-02-17,5.41232,5.44939,5.26404,5.28258,268643.37875419203
2025-02-18,5.31038,5.4772,5.31038,5.40306,172496.3051819904
2025-02-19,5.46793,5.48646,5.35672,5.43086,205438.7574989984
2025-02-20,5.43086,5.43086,5.34745,5.39379,91145.8201660656
2025-02-21,5.42159,5.42159,5.32891,5.38452,24597.3188017856
2025-02-24,5.38452,5.40306,5.31965,5.33818,43010.7792927696
2025-02-25,5.32891,5.37525,5.29184,5.34745,73712.1089939104
2025-02-26,5.34745,5.42159,5.32891,5.33818,22695.0081750288
2025-02-27,5.38452,5.38452,5.32891,5.36598,34701.253406976
2025-02-28,5.32891,5.35672,5.25477,5.27331,175625.4604954304
2025-03-03,5.31038,5.34745,5.28258,5.32891,117697.2425101408
2025-03-04,5.32891,5.34745,5.14356,5.14356,199886.1253462528
2025-03-05,5.1899,5.32891,5.1899,5.32891,68038.6267049216
2025-03-06,5.32891,5.35672,5.28258,5.30111,43704.5885570944
2025-03-07,5.28258,5.31038,5.24551,5.31038,31821.351499537603
2025-03-10,5.31038,5.44013,5.25477,5.43086,99994.85558865921
2025-03-11,5.43086,5.4772,5.37525,5.37525,152538.7683966848
2025-03-12,5.37525,5.45866,5.36598,5.45866,30740.1743877904
2025-03-13,5.44939,5.4772,5.42159,5.44939,34313.8855595536
2025-03-14,5.44939,5.48646,5.41232,5.42159,78573.08992047841
2025-03-17,5.45866,5.69035,5.42159,5.69035,264431.96730993123
2025-03-18,5.69035,5.97765,5.67182,5.95912,490236.130804056
2025-03-19,5.97765,6.02399,5.86644,5.86644,79455.7275226832
2025-03-20,5.93131,6.00545,5.81083,5.91278,182974.65940572
2025-03-21,5.89424,6.09813,5.83864,6.08886,583478.4850301264
2025-03-24,6.08886,6.20008,6.08886,6.11667,295039.4223516688
2025-03-25,6.11667,6.28348,6.08886,6.24641,401238.637613528
2025-03-26,6.25568,6.30202,6.03326,6.04253,210381.74387516
2025-03-27,6.11667,6.11667,6.03326,6.06106,66786.9645795456
2025-03-28,6.06106,6.06106,5.90351,5.91278,48497.591282025605
2025-03-31,5.98692,6.06106,5.91278,6.04253,37425.776567816
2025-04-01,6.04253,6.22788,6.00545,6.20008,167337.5149911088
2025-04-02,6.20934,6.21861,6.11667,6.18154,51527.4768406944
2025-04-03,6.16301,6.16301,5.98692,6.03326,76477.6348795472
2025-04-04,6.0796,6.34836,5.74596,5.74596,213002.6812049344
2025-04-07,5.65328,5.80157,5.2177,5.63475,306485.6566844176
2025-04-08,5.8201,5.89424,5.81083,5.87571,79730.8773864512
2025-04-09,5.85717,6.12593,5.85717,6.07033,952453.3733239408
2025-04-10,6.20934,6.20934,6.05179,6.1074,233055.17166871682
2025-04-11,6.1074,6.25568,6.05179,6.20934,399903.89101948484
2025-04-14,6.25568,6.43177,6.25568,6.40396,272702.6485090752
2025-04-15,6.4225,6.78394,6.4225,6.71907,672181.4060135616
2025-04-16,6.71907,6.71907,6.48737,6.62639,123515.313354992
2025-04-17,6.62639,6.62639,6.54298,6.59859,23594.9100824112
2025-04-22,6.54298,6.84881,6.54298,6.72833,77328.9809286176
2025-04-23,6.7654,6.87662,6.74687,6.74687,65223.4659418992
2025-04-24,6.7098,6.84881,6.67273,6.75614,82602.1471413008
2025-04-25,6.7654,6.91369,6.69126,6.85808,245208.16349467362
2025-04-28,6.85808,6.91369,6.75614,6.80247,34073.2643061408
2025-04-29,6.84881,6.89515,6.75614,6.85808,197747.5095423776
2025-04-30,6.85808,6.95076,6.67273,6.91369,187599.3351551696
2025-05-02,6.98783,7.22879,6.95076,7.20098,423605.6239901824
2025-05-05,7.21025,7.29366,7.14538,7.29366,85246.8228906944
2025-05-06,7.32146,7.39561,7.25659,7.35854,808302.8992054224
2025-05-07,7.39561,7.45121,7.34,7.40487,187289.6566810464
2025-05-08,7.33073,7.71071,7.33073,7.33073,607833.024540352
2025-05-09,7.32146,7.64583,7.32146,7.48828,214429.1444202336
2025-05-12,7.48828,7.71071,7.48828,7.59949,381175.3569590096
2025-05-13,7.57169,7.71071,7.33073,7.63657,375834.2125446896
2025-05-14,7.71071,7.85899,7.71071,7.78485,108380.99182867841
2025-05-15,7.82192,7.85899,7.6551,7.85899,98883.46594285121
2025-05-16,7.85899,7.85899,7.70144,7.78485,207742.4632211344
2025-05-19,7.78485,7.80338,7.48828,7.56242,201124.8392427456
2025-05-20,7.46975,7.59949,7.35854,7.54389,220628.1089980656
2025-05-21,7.49755,7.52535,7.3678,7.44194,75184.97002937441
2025-05-22,7.46048,7.67364,7.37707,7.59949,165885.1553180432
2025-05-23,7.37707,7.64583,7.37707,7.52535,169343.4114489312
2025-05-26,7.49755,7.59023,7.34927,7.3678,192094.52861578722
2025-05-27,7.40487,7.44194,7.14538,7.15465,151555.7820206352
2025-05-28,7.22879,7.22879,7.04343,7.07124,301294.495921328
2025-05-29,7.08977,7.34,7.08051,7.08051,156107.08447308
2025-05-30,7.0527,7.28439,7.0527,7.22879,491420.8937468688
2025-06-02,7.13611,7.3678,7.0527,7.34927,149588.73024946242
2025-06-03,7.34927,7.42341,7.17318,7.34,140583.2370611968
2025-06-04,7.33073,7.39561,7.21025,7.23806,72642.8010919728
2025-06-05,7.22879,7.38634,7.16391,7.29366,103430.4523190016
2025-06-06,7.34927,7.34927,7.16391,7.22879,71834.6158058464
2025-06-09,7.24732,7.52535,7.23806,7.52535,237311.90191406882
2025-06-10,7.56242,7.63657,7.3678,7.40487,748392.5231819296
2025-06-11,7.54389,7.54389,7.34,7.40487,387915.9891117888
2025-06-12,7.41414,7.41414,7.18245,7.34,140482.88828735202
2025-06-13,7.33,7.54,7.08,7.2,123111
2025-06-16,7.29,7.39,7.19,7.19,41508
2025-06-17,7.08,7.25,6.94,7.15,246884
2025-06-18,7.15,7.25,7.06,7.06,53710
2025-06-20,7.02,7.33,6.95,6.95,457654
2025-06-23,6.95,7.34,6.95,7.3,189572
2025-06-24,7.37,7.49,7.25,7.35,446005
2025-06-25,7.42,7.42,7.22,7.22,30101
2025-06-26,7.22,7.75,7.22,7.75,406661
2025-06-27,7.75,7.75,7.62,7.62,199640
2025-06-30,7.85,7.88,7.62,7.7,125206
2025-07-01,7.7,7.83,7.37,7.65,727849
2025-07-02,7.6,7.69,7.41,7.42,630315
2025-07-03,7.48,7.6,7.44,7.55,257546
2025-07-04,7.65,7.81,7.5,7.54,118516
2025-07-07,7.42,7.51,7.25,7.32,80821
2025-07-08,7.31,7.49,7.2,7.2,71452
2025-07-09,7.18,7.55,7.18,7.48,76205
2025-07-10,7.52,7.65,7.31,7.53,138389
2025-07-11,7.5,7.54,7.33,7.45,33396
2025-07-14,7.5,7.79,7.45,7.79,221705
2025-07-15,7.8,8.32,7.8,8.24,547740
2025-07-16,8.24,8.24,7.94,8.1,229890
2025-07-17,8.1,8.23,8,8.23,194353
2025-07-18,8.24,8.34,8.19,8.19,87695
2025-07-21,8.2,8.28,8,8.14,30984
2025-07-22,8.14,8.26,8,8.26,71369
2025-07-23,8.26,8.45,8.15,8.35,159126
2025-07-24,8.4,8.52,8.35,8.38,80008
2025-07-25,8.38,8.7,8.38,8.7,165465
2025-07-28,8.7,8.75,8.5,8.5,187471
2025-07-29,8.6,8.64,8.11,8.3,218931
2025-07-30,8.3,8.4,8.25,8.26,167944
2025-07-31,8.23,8.37,8.21,8.37,39267
2025-08-01,8.37,8.37,8.18,8.18,129760
2025-08-04,8.38,8.4,8.16,8.32,137008
2025-08-05,8.2,8.35,8.05,8.06,250624
2025-08-06,8.06,8.24,8.06,8.2,37987
2025-08-07,8.3,8.65,8.1,8.65,172422
2025-08-08,8.6,8.6,8.32,8.49,80564
2025-08-11,8.46,8.46,8.19,8.25,52895
2025-08-12,8.24,8.25,7.97,8.09,64790
2025-08-13,8.07,8.3,8.07,8.3,33710
2025-08-14,8.3,8.3,8.04,8.23,55963
2025-08-18,8.15,8.37,8.12,8.26,98962
2025-08-19,8.26,8.33,8.13,8.3,63770
2025-08-20,8.3,8.3,7.83,8.24,140294
2025-08-21,8.24,8.3,8.12,8.26,54359
2025-08-22,8.25,8.25,8.07,8.14,80355
2025-08-25,8.14,8.2,8.08,8.18,118045
2025-08-26,8.1,8.24,8.09,8.23,19116
2025-08-27,8.2,8.23,8.07,8.16,33378
2025-08-28,8.23,8.31,8.01,8.31,69936
2025-08-29,8.3,8.38,8.21,8.3,79455
2025-09-01,8.3,8.31,8.02,8.02,52064
2025-09-02,8.09,8.22,7.9,8.01,72236
2025-09-03,8.13,8.15,7.96,8.15,31334
2025-09-04,8.18,8.28,7.98,8.06,80145
2025-09-05,8.24,8.28,7.88,7.96,148187
2025-09-08,7.96,8.09,7.92,8.05,41546
2025-09-09,8.08,8.08,7.76,7.89,84653
2025-09-10,7.89,7.98,7.54,7.72,157426
2025-09-11,7.71,7.76,7.63,7.72,47855
2025-09-12,7.84,8.12,7.69,8.01,309174
2025-09-15,7.9,8.46,7.9,8.17,390544
2025-09-16,8.23,8.25,8,8.13,2268348
2025-09-17,8.15,8.15,7.92,8.14,60122
2025-09-18,8.05,8.11,7.95,8.1,102320
2025-09-19,8,8.14,7.9,7.92,135844
2025-09-22,7.99,8.04,7.9,8.02,63529
2025-09-23,8,8.12,7.98,8,105257
2025-09-24,8.1,8.1,7.86,8,109381
2025-09-25,8.02,8.2,8.02,8.12,98587
2025-09-26,8.15,8.21,8.06,8.18,149334
2025-09-29,8.22,8.22,7.97,8.01,111861
2025-09-30,8,8.08,7.9,8.08,68239
2025-10-01,8.08,8.25,8.01,8.2,98476
2025-10-02,8.25,8.3,8.17,8.2,149376
2025-10-03,8.29,8.29,8.11,8.25,70870
2025-10-06,8.25,8.28,8.1,8.11,72584
2025-10-07,8.19,8.3,8.08,8.16,207361
2025-10-08,8.15,8.16,7.89,7.9,127145
2025-10-09,7.89,8.09,7.89,7.91,100990
2025-10-10,7.95,8,7.9,7.96,29245
2025-10-13,7.93,8,7.85,7.93,40015
2025-10-14,7.99,7.99,7.78,7.91,52299
2025-10-15,7.91,7.94,7.78,7.94,82687
2025-10-16,7.85,7.93,7.8,7.81,30674
2025-10-17,7.89,8.12,7.76,8.11,263664
2025-10-20,8.11,8.3,7.89,8.21,384659
2025-10-21,8.2,8.4,8.11,8.39,224160
2025-10-22,8.39,8.5,8.35,8.47,147654
2025-10-23,8.5,8.51,8.35,8.40,64125
